cluster0,1_F,1_S,1_R
0,4.75,4.875,2.25
1,3.75,4.375,0.25
2,4.777777777777778,5.0,4.444444444444445
3,5.0,5.0,0.0
