cluster2,3_F,3_S,3_R
0,1.4,2.6,0.5
1,0.7,0.7,0.0
2,0.0,4.333333333333333,3.6666666666666665
3,0.26666666666666666,4.266666666666667,0.0
