cluster0,1_F,1_S,1_R
0,4.761904761904762,3.9047619047619047,0.047619047619047616
1,3.0,2.25,0.25
2,4.0,3.5,2.5
3,5.0,5.0,0.0
