cluster0,1_F,1_S,1_R
0,4.454545454545454,4.0,0.09090909090909091
1,2.5,2.0,0.5
2,5.0,4.625,1.5
3,5.0,5.0,0.0
