cluster0,1_F,1_S,1_R
0,3.8,4.0,4.3
1,4.882352941176471,4.882352941176471,0.5294117647058824
2,0.25,0.25,2.5
3,4.294117647058823,3.6470588235294117,0.0
